Central Finland,Central Ostrobothnia,Kainuu,Kymenlaakso,Lapland,North Karelia,Northern Ostrobothnia,Northern Savonia,Ostrobothnia,Pirkanmaa,Päijänne Tavastia,Satakunta,South Karelia,Southern Ostrobothnia,Southern Savonia,Southwest Finland,Tavastia Proper,Uusimaa,Y-W
2.45,3.9,2.6166666666666667,2.3666666666666667,-1.55,1.3499999999999999,-0.31666666666666665,2.183333333333333,4.3,2.85,2.283333333333333,4.2,2.316666666666667,3.4499999999999997,1.9666666666666666,4.433333333333334,2.4499999999999997,4.45,2020-1
2.185714285714286,3.457142857142857,2.814285714285714,3.542857142857143,-0.8428571428571429,1.9428571428571428,0.07142857142857142,2.3857142857142857,4.142857142857143,3.414285714285714,3.9,4.428571428571429,3.4,2.9857142857142853,3.128571428571429,4.814285714285715,3.4285714285714284,5.557142857142857,2020-2
3.6571428571428575,3.3285714285714283,2.2142857142857144,4.628571428571428,-2.3714285714285714,3.357142857142857,-1.4857142857142858,3.9,4.014285714285714,4.942857142857143,4.971428571428571,5.471428571428571,4.357142857142857,3.6285714285714286,4.171428571428572,5.871428571428572,4.871428571428572,5.7,2020-3
0.32857142857142857,1.657142857142857,-1.4285714285714288,1.8142857142857143,-7.6000000000000005,-1.5285714285714285,-7.200000000000001,-0.5,2.757142857142857,2.6999999999999997,2.3857142857142857,4.0285714285714285,0.942857142857143,1.5,0.5428571428571428,4.971428571428571,2.728571428571428,4.7,2020-4
-0.9857142857142857,-0.5857142857142857,-4.542857142857143,0.6142857142857142,-8.171428571428573,-3.1142857142857143,-6.8999999999999995,-1.7714285714285716,0.9857142857142857,1.5714285714285714,1.1714285714285713,3.1571428571428575,-0.14285714285714285,0.3,-0.37142857142857144,3.814285714285714,1.4857142857142858,3.414285714285714,2020-5
-0.7857142857142857,0.7142857142857143,-1.1857142857142857,-0.09999999999999996,-4.8999999999999995,-2.757142857142857,-3.8285714285714287,-1.5142857142857142,1.6428571428571428,1.1,0.3571428571428572,2.3285714285714287,-0.6285714285714287,0.11428571428571425,-0.557142857142857,2.6,0.8714285714285716,2.2285714285714286,2020-6
2.257142857142857,2.942857142857143,2.142857142857143,2.3857142857142857,-0.5571428571428572,1.5714285714285714,0.6285714285714287,2.4714285714285715,3.6285714285714286,3.6571428571428575,2.8714285714285714,4.571428571428571,2.1142857142857143,3.1999999999999997,2.4,4.857142857142857,3.185714285714286,4.071428571428571,2020-7
2.7714285714285714,2.685714285714286,1.4428571428571428,3.442857142857143,-1.6714285714285713,2.585714285714286,-0.6142857142857144,2.957142857142857,3.5857142857142854,4.0285714285714285,3.9142857142857146,4.271428571428571,3.4428571428571426,3.257142857142857,3.3000000000000003,5.271428571428571,3.914285714285714,5.228571428571429,2020-8
-0.8285714285714285,-1.3571428571428572,-3.8857142857142857,1.0142857142857142,-7.471428571428571,-2.142857142857143,-6.542857142857143,-1.9000000000000001,-0.6142857142857144,0.5142857142857143,0.5857142857142856,1.3285714285714287,-0.31428571428571433,-0.7571428571428571,0.1857142857142857,2.157142857142857,0.6,2.3285714285714287,2020-9
1.9857142857142858,1.9714285714285715,1.2857142857142858,3.4714285714285715,-2.5714285714285716,0.42857142857142855,-1.1999999999999997,1.9714285714285715,2.3000000000000003,3.7714285714285714,3.357142857142857,4.257142857142857,3.0428571428571423,2.4714285714285715,2.9,5.1571428571428575,3.5,4.142857142857143,2020-10
2.157142857142857,2.7285714285714286,1.3714285714285714,3.757142857142857,-0.17142857142857146,1.657142857142857,0.8285714285714285,2.2285714285714286,3.0,3.6714285714285717,3.4857142857142853,3.6142857142857143,3.5,2.8714285714285714,3.257142857142857,4.257142857142857,3.4714285714285715,4.457142857142857,2020-11
3.7571428571428567,3.2142857142857144,1.5,3.9,-0.12857142857142861,2.442857142857143,1.3,3.6285714285714286,3.6857142857142855,4.6571428571428575,4.171428571428572,4.228571428571429,2.8857142857142857,3.8857142857142857,3.642857142857143,4.785714285714286,4.5285714285714285,4.757142857142857,2020-12
6.028571428571429,5.3999999999999995,4.242857142857143,8.128571428571428,2.2857142857142856,5.642857142857143,3.642857142857143,5.8428571428571425,5.0,7.6,8.385714285714286,6.485714285714286,7.6000000000000005,5.5,8.014285714285714,6.214285714285714,8.371428571428572,6.228571428571429,2020-13
2.242857142857143,3.1714285714285713,1.0571428571428572,4.314285714285714,-0.2857142857142857,1.1142857142857143,1.042857142857143,1.9428571428571428,4.785714285714286,5.685714285714285,5.2,6.1000000000000005,3.457142857142857,3.685714285714286,3.642857142857143,7.142857142857143,6.328571428571428,6.5,2020-14
7.428571428571429,5.928571428571429,4.285714285714286,8.957142857142857,2.557142857142857,6.428571428571429,3.5714285714285716,6.928571428571429,6.485714285714286,9.142857142857142,8.942857142857143,8.914285714285715,8.2,6.528571428571429,8.585714285714285,8.857142857142858,9.257142857142856,8.914285714285715,2020-15
6.442857142857143,5.485714285714286,4.8428571428571425,6.785714285714286,3.7714285714285714,4.742857142857143,5.257142857142857,4.971428571428571,7.728571428571429,8.142857142857142,7.1571428571428575,7.3428571428571425,5.785714285714286,6.871428571428572,6.585714285714286,8.6,8.057142857142857,8.857142857142858,2020-16
9.1,7.542857142857143,5.514285714285714,10.228571428571428,3.2857142857142856,6.571428571428571,5.371428571428572,7.071428571428571,8.342857142857143,10.171428571428573,9.585714285714285,10.385714285714286,8.342857142857143,8.985714285714286,9.514285714285714,11.857142857142858,10.342857142857143,11.342857142857143,2020-17
9.328571428571427,8.585714285714285,7.242857142857143,10.257142857142856,3.9285714285714284,7.6571428571428575,5.8,8.085714285714285,8.728571428571428,9.971428571428572,10.157142857142857,10.042857142857143,9.799999999999999,9.057142857142857,9.842857142857143,9.971428571428572,10.457142857142857,8.814285714285715,2020-18
12.614285714285714,8.657142857142857,8.014285714285714,14.828571428571427,5.728571428571429,13.0,8.128571428571428,12.242857142857144,8.985714285714286,13.742857142857144,13.914285714285715,11.528571428571428,14.585714285714285,10.257142857142856,14.299999999999999,13.0,14.014285714285714,13.6,2020-19
8.885714285714286,8.385714285714286,8.385714285714286,10.014285714285714,6.942857142857143,9.142857142857142,8.985714285714286,8.685714285714285,8.428571428571429,9.542857142857143,9.057142857142857,8.971428571428572,9.542857142857143,9.6,10.471428571428572,9.799999999999999,9.4,9.757142857142856,2020-20
15.385714285714286,14.4,14.171428571428573,16.47142857142857,12.942857142857141,13.642857142857142,14.900000000000002,14.9,13.728571428571428,15.228571428571428,15.700000000000001,14.442857142857141,14.385714285714286,15.285714285714286,16.071428571428573,15.4,15.62857142857143,14.671428571428573,2020-21
19.47142857142857,17.885714285714286,16.62857142857143,20.400000000000002,16.857142857142858,18.47142857142857,18.52857142857143,18.385714285714283,17.62857142857143,20.042857142857144,19.54,18.400000000000002,18.214285714285715,19.400000000000002,20.099999999999998,20.82857142857143,20.642857142857142,18.957142857142856,2020-22
19.642857142857142,21.014285714285712,20.74285714285714,18.52857142857143,18.857142857142858,19.32857142857143,20.228571428571428,19.599999999999998,19.442857142857143,19.428571428571427,19.142857142857142,19.885714285714283,17.771428571428572,20.642857142857142,19.2,19.657142857142855,19.414285714285715,18.02857142857143,2020-23
23.957142857142856,22.014285714285712,20.957142857142856,23.87142857142857,20.728571428571428,21.7,22.400000000000002,23.24285714285714,22.17142857142857,24.114285714285717,23.614285714285717,23.75714285714286,21.928571428571427,23.7,23.157142857142855,25.342857142857145,24.685714285714287,22.62857142857143,2020-24
24.342857142857145,23.52857142857143,23.014285714285712,25.62857142857143,21.62857142857143,22.771428571428572,22.8,23.171428571428574,22.62857142857143,25.3,25.428571428571427,25.814285714285713,23.442857142857143,24.657142857142855,24.714285714285715,25.771428571428572,25.75714285714286,22.67142857142857,2020-25
27.942857142857143,26.52857142857143,24.24285714285714,28.657142857142855,22.914285714285715,26.285714285714285,24.24285714285714,26.47142857142857,25.685714285714287,28.542857142857144,28.585714285714285,27.214285714285715,27.185714285714287,27.542857142857144,27.74285714285714,28.37142857142857,28.957142857142856,25.5,2020-26
18.771428571428572,17.47142857142857,16.714285714285715,19.24285714285714,15.571428571428571,19.37142857142857,16.82857142857143,19.25714285714286,17.557142857142857,18.342857142857145,19.37142857142857,18.457142857142856,19.285714285714285,18.685714285714287,19.400000000000002,18.857142857142858,18.842857142857145,18.04285714285714,2020-27
18.32857142857143,17.714285714285715,17.428571428571427,18.62857142857143,16.985714285714288,18.785714285714285,18.314285714285713,18.642857142857142,17.585714285714285,18.24285714285714,18.8,17.385714285714283,18.614285714285717,18.542857142857144,19.342857142857145,18.242857142857144,18.257142857142856,17.571428571428573,2020-28
23.942857142857143,23.071428571428573,22.37142857142857,24.657142857142855,21.114285714285717,22.885714285714283,22.2,23.057142857142857,21.957142857142856,24.271428571428572,24.514285714285712,22.75714285714286,23.085714285714285,23.385714285714283,24.114285714285717,24.657142857142855,25.02857142857143,23.12857142857143,2020-29
19.157142857142855,19.47142857142857,19.914285714285715,20.099999999999998,19.842857142857145,19.714285714285715,21.12857142857143,19.557142857142857,18.585714285714285,19.2,20.114285714285717,18.157142857142855,19.82857142857143,18.928571428571427,19.52857142857143,19.114285714285717,19.585714285714285,19.87142857142857,2020-30
20.214285714285715,20.485714285714288,19.82857142857143,20.37142857142857,19.914285714285715,19.67142857142857,21.357142857142858,19.7,20.957142857142856,20.842857142857145,19.97142857142857,20.814285714285713,19.557142857142857,21.24285714285714,21.02857142857143,21.942857142857143,21.114285714285717,20.271428571428572,2020-31
23.042857142857144,22.37142857142857,21.52857142857143,23.842857142857145,20.557142857142857,21.842857142857145,21.8,21.914285714285715,21.985714285714288,23.82857142857143,23.74285714285714,21.814285714285713,22.5,22.442857142857143,23.271428571428572,24.414285714285715,24.25714285714286,21.928571428571427,2020-32
19.900000000000002,19.142857142857142,18.071428571428573,20.614285714285717,17.271428571428572,17.857142857142858,18.542857142857144,18.342857142857145,19.47142857142857,21.24285714285714,21.142857142857142,20.785714285714285,19.114285714285717,19.557142857142857,20.271428571428572,22.97142857142857,21.142857142857142,21.285714285714285,2020-33
22.214285714285715,22.785714285714285,21.52857142857143,23.099999999999998,19.714285714285715,21.599999999999998,20.814285714285713,22.12857142857143,22.614285714285717,23.25714285714286,22.928571428571427,22.97142857142857,21.957142857142856,22.785714285714285,22.414285714285715,24.071428571428573,23.142857142857142,22.085714285714285,2020-34
16.928571428571427,16.771428571428572,16.47142857142857,17.3,14.4,16.785714285714285,15.685714285714285,16.87142857142857,17.7,17.62857142857143,17.0,18.314285714285713,16.557142857142857,17.228571428571428,17.071428571428573,18.928571428571427,17.814285714285713,18.071428571428573,2020-35
17.52857142857143,17.485714285714284,17.885714285714286,17.885714285714286,16.071428571428573,17.52857142857143,17.428571428571427,17.342857142857145,17.3,18.157142857142855,17.385714285714286,18.342857142857145,17.614285714285714,17.45714285714286,18.142857142857142,18.785714285714285,17.62857142857143,18.32857142857143,2020-36
13.957142857142857,14.314285714285715,14.314285714285715,15.271428571428572,12.614285714285714,14.157142857142857,13.714285714285714,14.028571428571428,15.085714285714285,15.271428571428572,15.014285714285714,14.771428571428572,15.028571428571428,14.5,14.857142857142858,16.0,15.242857142857144,16.357142857142858,2020-37
13.714285714285714,13.185714285714285,12.442857142857141,14.700000000000001,9.828571428571427,12.185714285714285,11.0,12.428571428571429,13.414285714285715,14.571428571428571,14.62857142857143,14.057142857142859,13.757142857142856,13.928571428571429,13.885714285714286,15.514285714285714,14.685714285714285,15.442857142857141,2020-38
17.071428571428573,15.242857142857144,13.857142857142858,19.014285714285712,9.928571428571429,16.32857142857143,11.042857142857143,15.742857142857144,15.528571428571428,19.02857142857143,19.085714285714285,18.771428571428572,18.085714285714285,16.771428571428572,18.428571428571427,19.571428571428573,19.157142857142855,17.257142857142856,2020-39
14.700000000000001,15.128571428571428,14.114285714285714,15.714285714285714,11.571428571428571,13.799999999999999,12.799999999999999,13.785714285714286,15.442857142857145,15.714285714285714,15.9,16.442857142857143,15.299999999999999,15.4,15.528571428571427,16.485714285714288,15.771428571428572,15.285714285714286,2020-40
11.557142857142859,12.157142857142857,11.885714285714286,12.87142857142857,9.557142857142859,12.342857142857143,10.700000000000001,12.071428571428571,12.457142857142857,13.428571428571429,12.828571428571427,13.4,12.728571428571428,12.6,12.642857142857142,13.585714285714285,13.257142857142856,14.228571428571428,2020-41
6.0,6.828571428571428,5.628571428571428,7.314285714285715,2.1999999999999997,5.228571428571429,3.457142857142857,6.014285714285714,8.0,6.7,6.471428571428571,7.885714285714286,7.071428571428571,6.528571428571429,6.514285714285714,8.514285714285714,6.714285714285714,8.828571428571427,2020-42
4.814285714285715,4.971428571428571,2.9285714285714284,6.457142857142857,-0.2714285714285714,4.3428571428571425,0.3000000000000001,4.757142857142857,5.7,7.142857142857143,6.614285714285714,7.985714285714286,5.728571428571428,5.685714285714285,5.628571428571428,9.157142857142857,7.0857142857142845,8.857142857142858,2020-43
8.014285714285714,8.628571428571428,7.385714285714286,9.157142857142857,4.5,7.185714285714285,5.8999999999999995,7.757142857142857,9.385714285714286,9.299999999999999,9.242857142857144,10.200000000000001,8.7,8.942857142857143,8.7,10.985714285714286,9.185714285714285,10.442857142857141,2020-44
8.5,9.071428571428571,8.071428571428571,8.928571428571429,4.6571428571428575,7.8,5.514285714285714,8.571428571428571,9.671428571428573,9.828571428571427,9.228571428571428,10.614285714285714,8.757142857142856,9.057142857142857,8.857142857142858,10.814285714285715,9.242857142857144,10.471428571428572,2020-45
3.242857142857143,4.5285714285714285,3.8714285714285714,3.5,2.1,2.257142857142857,3.1,3.1142857142857143,5.385714285714286,4.628571428571428,3.7714285714285714,6.557142857142857,2.5142857142857147,4.214285714285714,3.2428571428571433,7.328571428571428,4.385714285714285,6.285714285714286,2020-46
4.457142857142857,5.428571428571429,3.457142857142857,6.171428571428572,1.6428571428571428,4.5,2.6142857142857143,4.628571428571428,6.614285714285714,6.3428571428571425,5.942857142857143,7.885714285714286,5.928571428571429,5.3999999999999995,5.285714285714286,8.157142857142857,6.1571428571428575,8.285714285714286,2020-47
1.0142857142857145,1.0857142857142856,-0.3571428571428571,2.185714285714286,-2.9714285714285715,0.8142857142857143,-2.085714285714286,0.9714285714285715,2.814285714285714,2.642857142857143,2.242857142857143,4.057142857142858,2.2142857142857144,1.1571428571428573,1.7285714285714284,4.1571428571428575,2.357142857142857,4.642857142857143,2020-48
1.5999999999999999,2.3428571428571425,1.3,2.1714285714285713,0.10000000000000002,1.0285714285714287,1.042857142857143,1.6428571428571428,3.057142857142857,2.7285714285714286,2.357142857142857,3.6285714285714286,2.042857142857143,2.4,1.9000000000000001,4.771428571428571,2.557142857142857,4.357142857142857,2020-49
-2.0142857142857142,-1.3857142857142857,-1.1714285714285713,-1.8857142857142857,-2.357142857142857,-2.5,-1.457142857142857,-1.8714285714285714,-0.5714285714285714,-1.1,-1.2571428571428573,-0.34285714285714286,-3.3285714285714287,-1.5714285714285714,-2.2,0.5428571428571429,-1.342857142857143,0.7857142857142857,2020-50
1.4142857142857144,2.6,0.7714285714285715,1.7142857142857142,-3.042857142857143,-0.39999999999999997,-1.9142857142857141,0.8285714285714286,3.757142857142857,3.757142857142857,2.6571428571428575,5.071428571428571,1.0857142857142856,3.0714285714285716,1.2428571428571427,5.857142857142857,3.4857142857142853,5.042857142857143,2020-51
0.41428571428571426,0.8571428571428571,-0.32857142857142857,0.6857142857142857,-3.642857142857143,-0.5571428571428572,-2.6000000000000005,0.05714285714285713,2.2,1.8142857142857145,1.042857142857143,2.6285714285714286,0.028571428571428532,1.3571428571428572,0.39999999999999997,3.2142857142857144,1.4142857142857144,2.9428571428571426,2020-52
-1.042857142857143,-1.2571428571428573,-3.0142857142857147,0.14285714285714288,-5.371428571428572,-0.3142857142857142,-4.571428571428571,-0.27142857142857146,0.4428571428571428,0.15714285714285708,0.3,0.5142857142857143,0.5142857142857143,-0.9857142857142858,-0.07142857142857133,1.9714285714285715,0.0142857142857143,2.0,2020-53
-7.057142857142857,-6.614285714285714,-8.985714285714286,-3.9,-10.257142857142856,-10.357142857142858,-9.228571428571428,-8.328571428571427,-4.914285714285714,-3.4857142857142853,-3.1571428571428575,-2.4857142857142853,-5.1571428571428575,-6.7,-5.957142857142857,-1.3285714285714287,-3.3285714285714287,-0.9857142857142857,2021-1
-9.342857142857143,-5.385714285714286,-10.142857142857142,-9.957142857142857,-11.757142857142858,-13.828571428571427,-12.299999999999999,-11.1,-3.6,-6.914285714285714,-8.1,-4.971428571428571,-10.771428571428572,-5.671428571428572,-10.3,-5.357142857142857,-7.285714285714286,-6.114285714285714,2021-2
-1.5999999999999999,-1.757142857142857,-4.457142857142857,-0.7857142857142857,-11.614285714285714,-3.3285714285714287,-10.6,-2.2142857142857144,-0.8714285714285713,0.1285714285714286,-0.04285714285714289,0.6571428571428573,-1.457142857142857,-1.2428571428571427,-1.0142857142857142,1.4857142857142858,0.014285714285714393,1.4571428571428573,2021-3
-4.4714285714285715,-4.0,-5.814285714285715,-1.5285714285714285,-8.242857142857144,-1.5142857142857142,-7.1571428571428575,-1.8714285714285714,-4.4,-4.228571428571429,-2.857142857142857,-3.742857142857143,-0.7714285714285715,-4.071428571428571,-1.5999999999999999,-2.314285714285714,-4.171428571428572,-1.7,2021-4
-10.642857142857142,-8.214285714285714,-10.299999999999999,-9.328571428571427,-8.72857142857143,-10.4,-8.257142857142856,-11.1,-6.014285714285714,-7.8999999999999995,-8.714285714285714,-6.8428571428571425,-9.657142857142857,-8.457142857142857,-9.87142857142857,-5.528571428571429,-8.371428571428572,-6.1000000000000005,2021-5
-7.371428571428572,-5.785714285714286,-10.228571428571428,-9.257142857142856,-10.071428571428571,-11.728571428571428,-10.942857142857141,-9.5,-4.614285714285715,-6.742857142857143,-7.928571428571429,-4.714285714285714,-9.114285714285714,-5.885714285714285,-8.628571428571428,-5.514285714285714,-8.142857142857142,-6.742857142857143,2021-6
-8.414285714285715,-6.6000000000000005,-9.857142857142858,-7.628571428571428,-13.171428571428573,-12.657142857142857,-11.671428571428573,-10.571428571428571,-4.485714285714286,-4.557142857142857,-6.328571428571428,-1.1714285714285715,-8.528571428571428,-6.871428571428572,-8.885714285714286,-1.385714285714286,-5.142857142857143,-3.242857142857143,2021-7
1.457142857142857,2.3000000000000003,0.29999999999999993,1.957142857142857,-1.8714285714285717,-1.5714285714285712,-0.8714285714285716,0.08571428571428592,3.242857142857143,3.7285714285714286,2.614285714285714,4.314285714285715,1.0571428571428572,2.7857142857142856,1.2714285714285711,5.271428571428571,3.4,4.242857142857143,2021-8
-1.1571428571428573,0.09999999999999996,-2.3285714285714287,0.42857142857142855,-3.857142857142857,-1.842857142857143,-2.357142857142857,-1.4857142857142855,0.8571428571428571,1.9285714285714286,0.9142857142857144,2.4857142857142853,-0.15714285714285708,0.5142857142857143,-0.42857142857142855,3.2142857142857144,1.2571428571428573,2.6142857142857143,2021-9
-3.7142857142857144,-2.457142857142857,-4.185714285714286,-2.6,-5.757142857142857,-5.114285714285714,-4.728571428571429,-4.385714285714286,-1.4285714285714286,-1.3571428571428572,-2.3714285714285714,-0.1428571428571428,-3.3,-2.142857142857143,-3.6999999999999997,1.0142857142857142,-1.7142857142857142,-0.5285714285714285,2021-10
-0.2285714285714286,0.6285714285714287,-0.07142857142857137,0.42857142857142866,-1.8714285714285714,-1.3142857142857145,-0.4000000000000001,-0.48571428571428565,1.3571428571428572,1.342857142857143,0.4428571428571428,2.314285714285714,0.14285714285714293,1.0714285714285714,0.05714285714285721,2.2285714285714286,0.942857142857143,1.5999999999999999,2021-11
7.871428571428572,7.628571428571428,7.514285714285714,6.385714285714286,5.042857142857143,5.857142857142857,6.114285714285714,7.528571428571428,7.828571428571428,8.128571428571428,7.3,8.371428571428572,6.185714285714285,7.914285714285714,6.885714285714285,7.785714285714286,7.942857142857143,6.385714285714286,2021-12
7.071428571428571,6.142857142857143,4.714285714285714,7.1000000000000005,3.814285714285714,5.3999999999999995,5.442857142857143,6.6571428571428575,6.057142857142857,8.528571428571428,7.442857142857143,6.957142857142857,6.742857142857143,7.171428571428572,7.471428571428571,7.914285714285714,8.228571428571428,7.3428571428571425,2021-13
5.628571428571428,4.742857142857143,3.614285714285714,6.857142857142857,3.0,4.942857142857142,4.2,6.057142857142857,5.1000000000000005,7.014285714285714,6.942857142857143,6.885714285714286,6.771428571428571,6.214285714285714,6.928571428571429,7.085714285714286,7.014285714285714,7.128571428571428,2021-14
11.414285714285715,11.814285714285715,10.057142857142859,12.857142857142858,8.4,10.785714285714286,10.814285714285715,10.771428571428572,10.928571428571429,12.742857142857144,12.542857142857143,12.828571428571431,11.328571428571427,12.714285714285714,12.6,13.200000000000001,12.957142857142857,12.171428571428573,2021-15
7.8999999999999995,6.671428571428572,7.828571428571428,9.042857142857143,5.557142857142857,7.528571428571429,7.485714285714287,7.585714285714286,6.828571428571428,8.685714285714285,8.442857142857143,8.585714285714285,8.414285714285715,7.385714285714286,8.385714285714286,8.6,8.357142857142858,8.042857142857143,2021-16
7.0,6.571428571428571,5.414285714285714,8.042857142857143,3.357142857142857,6.371428571428572,5.471428571428571,6.3428571428571425,6.557142857142857,7.542857142857143,7.471428571428571,7.671428571428572,6.514285714285714,6.785714285714286,8.242857142857142,9.157142857142857,8.185714285714285,8.471428571428572,2021-17
8.828571428571427,8.357142857142858,6.928571428571429,9.128571428571428,4.814285714285715,6.371428571428572,6.414285714285714,7.857142857142857,8.857142857142858,9.4,9.214285714285714,10.12857142857143,8.428571428571429,9.071428571428571,8.614285714285714,11.1,9.442857142857141,10.285714285714286,2021-18
23.2,21.428571428571427,21.442857142857143,23.057142857142857,14.457142857142857,23.557142857142857,16.214285714285715,23.657142857142855,18.04285714285714,23.25714285714286,23.357142857142858,22.02857142857143,23.3,22.82857142857143,23.942857142857143,19.8,22.785714285714285,19.614285714285717,2021-19
14.557142857142855,10.642857142857142,11.042857142857143,15.928571428571429,8.128571428571428,17.6,8.885714285714284,16.6,11.4,15.785714285714286,14.771428571428572,13.385714285714286,16.614285714285714,12.614285714285714,16.02857142857143,16.585714285714285,15.114285714285714,15.214285714285714,2021-20
15.157142857142857,14.37142857142857,12.657142857142857,15.6,12.757142857142856,13.057142857142859,13.985714285714286,13.485714285714286,15.228571428571428,16.728571428571428,15.585714285714285,16.32857142857143,14.257142857142856,15.057142857142859,15.328571428571427,16.785714285714285,16.45714285714286,13.785714285714286,2021-21
24.25714285714286,23.414285714285715,22.900000000000002,24.771428571428572,22.8,23.52857142857143,23.75714285714286,23.885714285714283,22.642857142857142,23.97142857142857,23.785714285714285,22.7,23.271428571428572,24.557142857142857,24.142857142857142,24.285714285714285,24.67142857142857,22.357142857142858,2021-22
22.82857142857143,22.785714285714285,22.47142857142857,22.814285714285713,21.914285714285715,22.25714285714286,22.3,22.8,21.8,22.985714285714288,23.157142857142855,22.771428571428572,22.357142857142858,22.599999999999998,22.728571428571428,22.714285714285715,23.414285714285715,21.82857142857143,2021-23
24.771428571428572,21.357142857142858,19.785714285714285,26.142857142857142,15.37142857142857,24.414285714285715,16.62857142857143,25.014285714285712,20.17142857142857,25.385714285714283,26.47142857142857,23.885714285714283,25.67142857142857,22.071428571428573,25.385714285714283,24.47142857142857,26.3,24.614285714285717,2021-24
26.0,22.400000000000002,21.8,27.442857142857143,20.099999999999998,27.014285714285712,21.357142857142858,25.7,21.314285714285713,26.02857142857143,26.97142857142857,24.271428571428572,27.52857142857143,24.657142857142855,27.0,26.714285714285715,26.67142857142857,25.685714285714287,2021-25
25.642857142857142,25.657142857142855,25.228571428571428,27.428571428571427,24.7,26.12857142857143,26.042857142857144,26.099999999999998,25.099999999999998,26.214285714285715,26.414285714285715,26.457142857142856,25.957142857142856,26.12857142857143,25.914285714285715,28.014285714285712,26.114285714285717,26.185714285714287,2021-26
28.2,26.957142857142856,26.814285714285713,29.32857142857143,25.985714285714288,28.942857142857143,27.400000000000002,28.67142857142857,25.5,27.857142857142858,28.914285714285715,26.400000000000002,29.614285714285717,27.071428571428573,28.614285714285717,27.942857142857143,28.25714285714286,26.557142857142857,2021-27
26.642857142857142,24.02857142857143,23.442857142857143,29.057142857142857,21.3,27.571428571428573,22.87142857142857,27.2,23.442857142857143,26.785714285714285,28.47142857142857,24.771428571428572,28.014285714285712,25.37142857142857,27.67142857142857,27.414285714285715,27.928571428571427,27.685714285714287,2021-28
22.185714285714287,20.599999999999998,19.157142857142855,23.67142857142857,17.3,20.714285714285715,18.914285714285715,20.585714285714285,20.457142857142856,22.857142857142858,23.2,20.37142857142857,21.957142857142856,21.157142857142855,22.12857142857143,23.414285714285715,23.75714285714286,23.057142857142857,2021-29
23.485714285714288,23.557142857142857,23.185714285714287,23.900000000000002,20.542857142857144,23.714285714285715,22.099999999999998,23.771428571428572,24.285714285714285,23.7,24.071428571428573,23.25714285714286,23.32857142857143,23.842857142857145,23.857142857142858,25.214285714285715,24.12857142857143,22.585714285714285,2021-30
20.47142857142857,20.957142857142856,20.714285714285715,20.385714285714283,19.25714285714286,19.842857142857145,20.657142857142855,20.614285714285717,21.342857142857145,20.785714285714285,20.67142857142857,20.914285714285715,19.928571428571427,21.32857142857143,20.942857142857143,21.285714285714285,21.342857142857145,19.82857142857143,2021-31
20.814285714285713,19.942857142857143,20.5,21.599999999999998,18.67142857142857,20.75714285714286,19.857142857142858,21.014285714285712,21.24285714285714,20.928571428571427,21.37142857142857,20.25714285714286,20.728571428571428,21.2,22.17142857142857,22.114285714285717,21.3,21.02857142857143,2021-32
16.271428571428572,15.642857142857142,16.571428571428573,17.657142857142855,14.114285714285714,18.014285714285712,15.214285714285714,17.6,16.185714285714287,16.657142857142855,17.757142857142856,17.185714285714287,17.385714285714286,15.814285714285715,17.34285714285714,17.87142857142857,17.54285714285714,17.657142857142855,2021-33
15.528571428571428,16.342857142857145,15.942857142857141,16.97142857142857,15.071428571428571,15.200000000000001,16.657142857142855,15.071428571428571,17.185714285714287,17.4,16.414285714285715,18.714285714285715,15.785714285714286,17.114285714285714,16.67142857142857,18.5,17.014285714285712,17.17142857142857,2021-34
13.614285714285714,13.228571428571428,13.12857142857143,15.085714285714285,12.042857142857143,12.700000000000001,13.514285714285714,13.042857142857143,14.200000000000001,14.342857142857143,14.700000000000001,14.299999999999999,13.314285714285715,13.528571428571428,14.685714285714285,16.0,15.157142857142857,15.971428571428572,2021-35
14.328571428571431,14.857142857142858,13.914285714285715,16.142857142857142,12.357142857142858,13.928571428571429,13.942857142857141,14.257142857142856,15.242857142857144,15.557142857142859,15.857142857142858,15.757142857142856,15.5,15.085714285714285,15.414285714285715,17.342857142857145,15.62857142857143,16.242857142857144,2021-36
8.757142857142856,9.385714285714286,9.0,9.914285714285715,6.685714285714285,8.457142857142857,7.571428571428571,8.628571428571428,10.299999999999999,9.985714285714286,9.37142857142857,10.742857142857144,8.871428571428572,10.114285714285714,9.542857142857143,11.828571428571427,10.228571428571428,11.200000000000001,2021-37
10.857142857142858,11.542857142857144,11.242857142857142,10.557142857142859,8.2,9.942857142857141,9.028571428571428,9.785714285714286,11.485714285714286,12.085714285714285,10.957142857142857,12.114285714285714,9.87142857142857,11.642857142857142,10.657142857142857,12.357142857142858,11.657142857142857,11.842857142857143,2021-38
11.12857142857143,12.714285714285714,12.828571428571427,11.614285714285714,10.5,9.700000000000001,11.542857142857143,11.485714285714286,13.428571428571429,12.085714285714285,11.700000000000001,13.571428571428571,11.37142857142857,12.771428571428572,12.1,12.885714285714286,11.571428571428571,12.185714285714285,2021-39
11.885714285714286,12.357142857142858,11.714285714285714,12.114285714285714,8.171428571428573,11.200000000000001,9.142857142857142,12.385714285714286,12.314285714285715,12.657142857142857,12.457142857142857,13.0,12.014285714285714,12.514285714285714,12.514285714285714,12.785714285714286,12.6,12.9,2021-40
6.628571428571428,7.2,6.457142857142857,7.771428571428571,4.0,6.542857142857143,4.957142857142857,6.628571428571428,7.971428571428571,8.27142857142857,7.8428571428571425,8.757142857142856,7.3428571428571425,7.571428571428571,7.271428571428571,9.228571428571428,8.357142857142858,9.885714285714286,2021-41
4.8,4.4714285714285715,1.4714285714285715,7.242857142857143,-1.785714285714286,4.557142857142857,-0.6714285714285715,4.5,6.471428571428571,7.071428571428571,6.942857142857143,8.371428571428572,6.571428571428571,5.585714285714286,6.128571428571428,9.342857142857143,7.1,8.814285714285715,2021-42
8.171428571428573,8.757142857142858,7.3999999999999995,8.928571428571429,2.6285714285714286,7.985714285714286,3.542857142857143,8.685714285714285,9.242857142857144,9.642857142857142,9.428571428571429,10.442857142857141,8.885714285714286,9.057142857142857,8.885714285714286,10.799999999999999,9.728571428571428,10.157142857142857,2021-43
5.042857142857143,5.242857142857143,4.757142857142857,5.771428571428571,0.6571428571428571,4.942857142857143,1.8857142857142857,5.242857142857142,5.885714285714286,5.942857142857143,5.6571428571428575,6.5,5.971428571428572,5.128571428571428,5.542857142857143,6.828571428571428,5.528571428571429,7.371428571428572,2021-44
3.1,3.357142857142857,2.4,4.185714285714286,-1.2714285714285711,2.4428571428571426,-0.44285714285714295,2.9857142857142853,4.285714285714286,4.771428571428571,4.685714285714285,6.142857142857143,4.057142857142858,3.1285714285714286,3.8857142857142857,6.8,4.6571428571428575,6.571428571428571,2021-45
1.8142857142857143,3.0714285714285716,1.2857142857142858,2.7714285714285714,-1.7857142857142858,1.5285714285714285,-1.057142857142857,1.9714285714285715,3.842857142857143,3.442857142857143,2.9857142857142853,4.957142857142857,2.685714285714286,2.314285714285714,2.6285714285714286,5.714285714285714,3.314285714285714,5.0,2021-46
-4.428571428571429,-5.185714285714285,-7.728571428571429,-1.542857142857143,-8.814285714285715,-4.757142857142857,-7.685714285714285,-4.771428571428572,-3.6142857142857143,-2.0714285714285716,-1.7142857142857142,-0.9714285714285714,-1.457142857142857,-6.514285714285714,-2.9285714285714284,0.31428571428571433,-2.0285714285714285,1.0714285714285714,2021-47
-8.657142857142857,-8.085714285714285,-9.542857142857143,-8.042857142857143,-10.62857142857143,-7.5,-11.342857142857143,-8.085714285714285,-7.671428571428572,-8.271428571428572,-8.3,-7.757142857142857,-7.385714285714286,-9.228571428571428,-8.22857142857143,-7.571428571428571,-8.014285714285714,-6.771428571428571,2021-48
-7.885714285714286,-5.814285714285715,-6.542857142857143,-7.428571428571429,-8.642857142857142,-7.685714285714285,-7.8999999999999995,-7.128571428571428,-5.285714285714286,-5.728571428571429,-5.985714285714286,-4.285714285714286,-8.385714285714286,-6.242857142857143,-8.5,-3.9571428571428577,-6.214285714285714,-3.185714285714286,2021-49
0.10000000000000002,2.085714285714286,0.24285714285714274,0.9571428571428572,-3.257142857142857,-0.7714285714285714,-2.9857142857142853,-0.04285714285714283,2.4714285714285715,2.0142857142857142,1.5714285714285714,3.585714285714286,0.6428571428571429,1.3857142857142857,0.15714285714285708,4.885714285714286,1.8285714285714287,3.414285714285714,2021-50
-10.014285714285714,-5.428571428571429,-9.0,-8.942857142857141,-10.914285714285715,-11.771428571428572,-11.12857142857143,-11.4,-5.757142857142857,-6.785714285714286,-6.985714285714287,-5.1000000000000005,-9.742857142857144,-6.8,-10.514285714285716,-5.171428571428572,-6.671428571428572,-5.871428571428571,2021-51
-4.428571428571429,-2.685714285714286,-5.171428571428572,-3.6285714285714286,-7.085714285714286,-6.171428571428572,-6.628571428571428,-4.928571428571429,-1.7285714285714284,-1.957142857142857,-3.1142857142857143,-0.5428571428571428,-4.685714285714285,-2.5142857142857147,-4.442857142857143,0.6571428571428571,-2.357142857142857,-0.8142857142857143,2021-52
-8.042857142857143,-7.714285714285714,-10.385714285714286,-5.6000000000000005,-13.071428571428571,-12.042857142857143,-13.014285714285714,-10.214285714285714,-6.685714285714286,-4.799999999999999,-4.885714285714286,-3.6,-6.057142857142857,-8.357142857142858,-7.3,-1.8,-4.885714285714286,-1.4857142857142858,2022-1
-0.17142857142857146,1.9428571428571428,0.7,0.0714285714285714,-1.7,-3.142857142857143,-0.6142857142857142,-1.0999999999999999,2.5,1.342857142857143,0.7285714285714285,2.9714285714285715,-1.0571428571428572,1.6285714285714286,-0.4428571428571427,3.6285714285714286,1.0,2.6142857142857143,2022-2
-1.0571428571428572,1.9714285714285715,1.3571428571428572,-0.3857142857142857,-1.0428571428571427,-1.5714285714285714,-0.1142857142857144,-1.0142857142857145,2.4714285714285715,0.5142857142857143,-0.24285714285714288,1.2857142857142858,-0.6428571428571429,0.9000000000000001,-0.6714285714285715,1.2142857142857142,0.12857142857142861,1.3428571428571427,2022-3
-1.7,-0.9714285714285714,-3.8714285714285714,-1.3571428571428572,-8.185714285714285,-3.7571428571428567,-7.114285714285714,-2.4857142857142853,-0.08571428571428566,-0.29999999999999993,-0.8428571428571429,0.5,-2.3285714285714283,-0.6142857142857144,-1.8285714285714287,0.7714285714285715,-0.5,0.5142857142857142,2022-4
-5.3999999999999995,-5.471428571428571,-5.7,-4.1571428571428575,-8.357142857142858,-6.042857142857143,-7.428571428571429,-6.085714285714286,-3.6714285714285713,-3.9857142857142853,-3.4,-3.8714285714285714,-5.142857142857143,-5.057142857142857,-5.214285714285714,-2.3857142857142857,-3.8428571428571425,-2.157142857142857,2022-5
-0.8142857142857143,0.32857142857142857,-0.5142857142857143,-0.0142857142857143,-4.0285714285714285,-0.9142857142857144,-3.1714285714285713,-0.2285714285714285,1.4428571428571428,0.8428571428571427,0.21428571428571427,1.9000000000000001,-0.14285714285714285,0.6857142857142857,-0.21428571428571425,2.085714285714286,0.4428571428571429,2.0142857142857142,2022-6
-1.0142857142857142,-2.0714285714285716,-3.085714285714286,0.11428571428571425,-7.071428571428571,-1.2857142857142858,-6.871428571428572,-1.2571428571428573,-1.0142857142857142,-0.014285714285714235,0.028571428571428564,1.0142857142857145,0.2857142857142857,-1.5,-0.21428571428571425,1.2571428571428573,0.0714285714285714,1.7285714285714284,2022-7
0.08571428571428566,0.3428571428571429,-2.414285714285714,0.47142857142857153,-4.585714285714286,-1.342857142857143,-3.1571428571428575,-0.48571428571428577,1.0714285714285714,1.1142857142857143,0.6857142857142858,1.8428571428571427,0.11428571428571432,0.9142857142857143,0.12857142857142861,2.2285714285714286,0.9,1.842857142857143,2022-8
2.2,2.457142857142857,0.41428571428571426,1.8714285714285714,-2.3000000000000003,0.29999999999999993,-1.3,1.7,2.3714285714285714,3.2142857142857144,2.8285714285714287,3.257142857142857,1.542857142857143,2.3857142857142857,1.957142857142857,3.857142857142857,2.814285714285714,3.142857142857143,2022-9
-2.1333333333333333,0.10000000000000009,-1.5,-2.3000000000000003,-4.466666666666667,-4.233333333333333,-3.3000000000000003,-3.5333333333333337,1.5666666666666667,1.3,-1.3333333333333333,3.1,-2.6333333333333333,0.6000000000000001,-2.6333333333333333,3.8666666666666667,-0.6666666666666666,-0.6,2022-10
